Id,Project,ReporterGroup,Reporter,Assigned To,Priority,Severity,Reproducibility,Product Version,Projection,Category,Date Submitted,ETA,OS,OS Version,Platform,View Status,Updated,Summary,Status,Resolution,Fixed in Version,Duplicate Id,Check In Date,Comments,Plan to fix,test,Owner Leader
0009301,T11A, ,anqiang,zhaoyanjun,high,major,always,T11-t11-20120907.0457-user,none,voice call,2012-09-10,none,,,,public,2012-09-20,[customer][voice call]终端无归属地功能,assigned,open,,0000000,,,,,
0009067,ATgingerbread G01 DualSIM,QAAS,gaoyuan,jmxu,high,major,sometimes,,none,UI,2012-09-03,none,,,,public,2012-09-20,[UI] camera摄像后back键返回桌面出现半屏现象,assigned,fixed,,0000000,2012-09-13,,,,
0007911,T11A, ,zhaoxin,wangxiaohong,high,major,sometimes,T11-t11-20120731.0359-user,none,Camera,2012-07-31,none,,,,public,2012-09-20,[Camera]刚进入camera时，后置摄像头预览界面部分闪烁花屏,assigned,fixed,,0000000,2012-09-07,,,,
0009668,ATgingerbread G01 DualSIM,QASZ,lingfu,jli,high,major,random,,none,APK,2012-09-20,none,,,,public,2012-09-20,在开讯视频里突然黑屏，点power键不亮，长按进入开机状态,assigned,open,,0000000,,,,,
0009650,ATgingerbread G01 DualSIM,QADL,liuguifang,guozhengqin,high,major,random,,none,APK,2012-09-19,none,,,,public,2012-09-20,[APK]保存录音文件时提示“无法保存录制的音频”“保存失败”,assigned,open,,0000000,,,,,
0009639,ATgingerbread A520 DualSIM,QADL,donglide,cpeng,high,major,always,ATgingerbread-customer-8.31-A520-a520-20120919.0327-user,none,GPS,2012-09-19,none,,,,public,2012-09-20,【GPS】A520搜星能力差。,assigned,open,,0000000,,,,,
0005396,ATgingerbread G01 DualSIM,QADL,zhangchanglong,jli,high,minor,always,gingerbread-G01-g01-20120409.0406-user,none,FM Radio,2012-04-09,none,,,,public,2012-09-20,[Daily][FM]FM音量最小时声音不正常,assigned,open,,0000000,,,,,
0008823,T11A,QAAS,wangxiaole,luoweizhang,high,major,random,T11-t11-20120824.0201-user,none,System,2012-08-24,none,,,,public,2012-09-20,[System]power键唤醒手机后，无法解锁,assigned,open,,0000000,,,2012-10-15,,
0008257,T11A,QAAS,zhangying,jli,high,major,random,T11-t11-20120809.0200-user,none,System,2012-08-09,none,,,,public,2012-09-20,【System】在打开USB连接后手机死屏,assigned,unable to reproduce,,0000000,,,,,
0009626,T11A,QAAS,zhengchunyue,jli,high,minor,random,T11-t11-20120919.0629-user,none,System,2012-09-19,none,,,,public,2012-09-20,【System】充电过程中无法唤醒，唤醒后无法解锁,assigned,open,,0000000,,,,,
0008893,T11A,QAAS,wangxiaole,guoguangyi,high,major,random,T11-t11-20120827.0329-user,none,System,2012-08-27,none,,,,public,2012-09-20,[System]播放音乐，插入USB线出现死机,assigned,open,,0000000,,,,,
0009394,T11A,QAAS,panyuwei,jli,high,major,random,T11-t11-20120911.0551-user,none,Default APK,2012-09-12,none,,,,public,2012-09-20,【7700】【Default APK】打开USB存储设备，手机死屏，并自动关机,assigned,open,,0000000,,,,,
0009277,ATgingerbread G01 DualSIM,QADL,zhengchunyue,zhangsong,high,major,random,,none,System,2012-09-10,none,,,,public,2012-09-20,【Overnight】【System】发现手机为关机充电的状态，之前为开机充电的状态,assigned,open,,0000000,,,,,
0009018,T11A,QABJ,wangyan,guoguangyi,high,major,sometimes,T11-t11-20120830.0332-user,none,Multimedia,2012-08-31,none,,,,public,2012-09-20,【overnight】播放MP4过程中死机,assigned,open,,0000000,,,,,
0007655,ICS-G01,QADL,liangyang,liuyong,high,major,sometimes,ics.4-g01-20120719.0116-user,none,APK,2012-07-19,none,,,,public,2012-09-19,[Daily][APK]安装水果忍者（版本1.5.4），游戏结束时画面显示时间到，卡屏，大约5s出现无响应,assigned,open,,0000000,2012-08-20,,2012-09-07,,
0009649,ATgingerbread G01 DualSIM, ,lianglizhen,jli,high,major,random,customer-8.31-G01-g01-20120919.0246,none,System,2012-09-19,none,,,,public,2012-09-19,[system]开机后点击home、back出现UI重启。,assigned,open,,0000000,,,,,
0009648,ATgingerbread G01 DualSIM, ,lianglizhen,jli,high,major,random,customer-8.31-G01-g01-20120919.0246,none,System,2012-09-19,none,,,,public,2012-09-19,[setting]在设置里进行操作时出现无响应，黑屏。,assigned,open,,0000000,,,,,
0009261,ATgingerbread G01 DualSIM,QADL,gaoyang,zhangsong,high,major,sometimes,customer-8.31-G01-g01-20120904.0331,none,CTP,2012-09-08,none,,,,public,2012-09-19,[CTP] 睡眠后立刻唤醒手机解锁，需滑动屏幕两次或以上才能解锁,assigned,open,,0000000,2012-09-18,,,,
0009644,T11A,QAAS,gaoyuan,jli,high,major,random,T11-t11-20120917.0624-user,none,System,2012-09-19,none,,,,public,2012-09-19,[browser] 浏览网页2个小时，出现浏览器无响应，之后死屏，只有power键好用，等待10分钟长按8s关机,assigned,open,,0000000,,,,,
0009627,ATgingerbread A520 DualSIM,QABJ,zhouqinglan,jli,high,major,random,,none,System,2012-09-19,none,,,,public,2012-09-19,【Overnight】【System】后台听音乐，安装APK过程中，返回Idle界面，出现无响应现象，关机时出现android界面，5-6s后才关机,assigned,open,,0000000,,,,,
0009638,T11A,QAAS,zhengchunyue,jli,high,major,random,T11-t11-20120919.0629-user,none,System,2012-09-19,none,,,,public,2012-09-19,【System】进入到管理应用界面，长按power键手机自动关机,assigned,open,,0000000,,,,,
0009640,T11A,QAAS,muxiaoli,jli,high,major,random,T11-t11-20120919.0629-user,none,System,2012-09-19,none,,,,public,2012-09-19,[System]给座机拨打电话时手机死机,assigned,open,,0000000,,,,,
0009642,T11A,QAAS,muxiaoli,jli,high,major,always,T11-t11-20120919.0629-user,none,System,2012-09-19,none,,,,public,2012-09-19,[System]运行ShadowGun_v1_10.apk游戏过程中手机死屏，1分钟左右死机,assigned,open,,0000000,,,,,
0009621,ATgingerbread G01 DualSIM,QADL,zhouxin,wangpeng,high,major,random,customer-8.31-G01-g01-20120918.0331,none,Modem,2012-09-19,none,,,,public,2012-09-19,[modem][overnight]产生*men**.dump文件,assigned,open,,0000000,,,,,
0006536,ICS-G01, ,zhangxue,dinggh,high,major,random,ics.4-atxx-paradise-g01-20120525.0123-user,none,CTP,2012-05-26,none,,,,public,2012-09-19,[CTP] 插着充电器开机之后无法解锁,assigned,open,,0000000,,,2012-09-07,,
0007806,ICS-G01,QADL,zhangchanglong,dinggh,high,major,random,ics.4-g01-20120723.0115-user,none,System,2012-07-25,none,,,,public,2012-09-19,【Daily】【System】G01 4.0手机发生死屏，重启手机不能恢复,assigned,open,,0000000,,,2012-09-07,,
0008688,ICS-G01, ,lianglizhen,dinggh,high,major,random,ics.4-g01-20120820.0114-user,none,Modem,2012-08-21,none,,,,public,2012-09-19,[modem] overnight出现modem重启。,assigned,open,,0000000,,,2012-09-07,,
0009382,ICS-I50,QABJ,mahui,wangxiaohong,high,minor,always,,none,System,2012-09-12,none,,,,public,2012-09-19,【I50-客户】【开机LOGO】 开机logo要改为客户自己的。,assigned,fixed,,0000000,2012-09-12,,,,
0009595,ICS-G01,QADL,zhangchanglong,jli,high,major,random,,none,System,2012-09-18,none,,,,public,2012-09-19,【Daily】【System】手机无法唤醒_滑动屏幕感不到屏幕操作,assigned,open,,0000000,,,,,
0009620,T11A,QAAS,qinhao,chenhengyi,high,minor,always,T11-t11-20120919.0629-user,none,FM Radio,2012-09-19,none,,,,public,2012-09-19,【FM Radio】进入FM死屏,assigned,open,,0000000,,,,,
0009616,ATgingerbread G01 DualSIM,QADL,qushuangyue,xuchunming,high,major,sometimes,customer-8.31-G01-g01-20120917.0243,none,voice call,2012-09-19,none,,,,public,2012-09-19,[Voice call]通话中听筒和免提切换，免提没有声音,assigned,open,,0000000,,,,,
0009573,ATgingerbread G01 DualSIM,QASZ,lingfu,cpeng,high,major,random,,none,voice call,2012-09-17,none,,,,public,2012-09-19,[Voice call]座机拨打sim1移动号码时提示无响应,assigned,open,,0000000,,,,,
0008320,ATgingerbread G01 DualSIM,QAAS,panyuwei,jli,urgent,major,random,,none,System,2012-08-13,none,,,,public,2012-09-19,[NewMaintree]【Overnight】手机充电，提示电压过高请更换充电器,assigned,open,,0000000,,,,,
0009320,T11A,QAAS,zhangying,jianjun,high,minor,always,T11-t11-20120910.0455-user,none,APK,2012-09-10,none,,,,public,2012-09-19,[APK]开始运行APK时花屏并提示无法播放视频，按确定后可以正常运行APK,assigned,open,,0000000,,,,,
0008130,T11A,QADL,gaoxin,luoweizhang,high,major,random,T11-t11-20120806.0159-user,none,System,2012-08-07,none,,,,public,2012-09-19,【Multimedia】连接充电线播放MP4手机自动关机,assigned,fixed,,0000000,2012-08-22,,,,
0009603,T11A,QAAS,gaoyuan,jli,high,major,sometimes,T11-t11-20120917.0624-user,none,System,2012-09-18,none,,,,public,2012-09-18,[APK] 运行GLBenchmark_2.0.3.1_Android_Corporate.apk死屏自动关机,assigned,open,,0000000,,,,,
0009331,ICS-I50,QADL,zhangchanglong,panyiwen,high,major,always,,none,System,2012-09-11,none,,,,public,2012-09-18,【I50-客户】【System】两个LCD驱动无法通过配置调换,assigned,open,,0000000,,,,,
0009498,ATgingerbread G01 DualSIM,QADL,miaoqianwen,wangpeng,high,major,random,customer-8.31-G01-g01-20120904.0331,none,Modem,2012-09-15,none,,,,public,2012-09-18,[Modem]开启sim1data，编辑彩信使用sim2发送，操作多次掉网,assigned,open,,0000000,,,,,
0009587,T11A,QAAS,gaoyuan,jli,high,major,sometimes,T11-t11-20120917.0624-user,none,System,2012-09-18,none,,,,public,2012-09-18,[APK] 运行NenaMark2_2.3.apk死屏自动关机,assigned,open,,0000000,,,,,
0009583,T11A,QAAS,zhengchunyue,xiehongbiao,high,major,random,T11-t11-20120917.0624-user,none,Multimedia,2012-09-18,none,,,,public,2012-09-18,【Overnight】【Multimedia】用图库和ES媒体播放器播放MP4时提示抱歉，无法播放该格式的视频,assigned,open,,0000000,,,,,
0009024,T11A,QABJ,wangyan,sence_zhang,high,major,sometimes,T11-t11-20120830.0332-user,none,System,2012-08-31,none,,,,public,2012-09-18,【APK】运行APK后手机死机,assigned,open,,0000000,,,,,
0007973,T11A,QAAS,panyuwei,jli,high,major,have not tried,T11-t11-20120731.0359-user,none,APK,2012-08-01,none,,,,public,2012-09-18,【APK】玩水果忍者游戏，很卡。,assigned,open,,0000000,,,,,
0009584,ATgingerbread G01 DualSIM,QASZ,mahui,jli,high,minor,random,,none,System,2012-09-18,none,,,,public,2012-09-18,[Daily][System] 测试机充电并deepsleep ，拔出充电器后，按powerkey无法唤醒手机,assigned,open,,0000000,,,,,
0009421,ATgingerbread A520 DualSIM,QADL,wangqi,xuchunming,high,major,sometimes,,none,Muiltimedia,2012-09-13,none,,,,public,2012-09-18,[Platform][Maintree][Muiltimedia]播放视频，实际音量与手机媒体音量不一致,assigned,open,,0000000,,,,,
0009338,ATgingerbread G01 DualSIM,QADL,gaoyang,sunyue,high,major,sometimes,,none,Modem,2012-09-11,none,,,,public,2012-09-18,[customer8.31]电话优先测试log跟踪 ------- Modem重启、双卡掉网,assigned,open,,0000000,,,,,
0009361,ATgingerbread A520 DualSIM,QADL,wangqi,xiehongbiao,high,major,always,,none,System,2012-09-11,none,,,,public,2012-09-18,[Maintree][System]安装3D壁纸，玩非常跳跃.apk自动退出,assigned,open,,0000000,,,,,
0009566,T11A,QAAS,gaoyuan,jli,high,major,sometimes,T11-t11-20120917.0624-user,none,System,2012-09-17,none,,,,public,2012-09-17,[Phone] 信号2格，拨打电话，“com.android.phone无响应”，自动关机,assigned,open,,0000000,,,,,
0009569,T11A,QAAS,zhengchunyue,jli,high,major,random,T11-t11-20120917.0624-user,none,System,2012-09-17,none,,,,public,2012-09-17,【System】进入到相机后屏幕变黑，手机自动关机,assigned,open,,0000000,,,,,
0009571,T11A,QAAS,zhengchunyue,jli,high,major,random,T11-t11-20120917.0624-user,none,System,2012-09-17,none,,,,public,2012-09-17,【System】闹铃再次响后切换到摄像模式屏幕闪现小细纹，点击摄像按钮后屏幕变黑，手机自动关机,assigned,open,,0000000,,,,,
0009577,T11A,QAAS,jinyongxu,jli,high,major,random,T11-t11-20120917.0624-user,none,System,2012-09-17,none,,,,public,2012-09-17,【System】退出愤怒的小鸟，自动重启停在安卓界面,assigned,open,,0000000,,,,,
0009528,T11A,QAAS,wangshanshan,jli,high,major,random,T11-t11-20120917.0624-user,none,Settings,2012-09-17,none,,,,public,2012-09-17,【Setting】关闭飞行模式过程中发生自动关机,assigned,open,,0000000,,,,,
0009092,ATgingerbread G01 DualSIM,QASZ,sulizhu,jli,high,minor,random,,none,System,2012-09-03,none,,,,public,2012-09-17,[NewMaintree][system][overnight]手机自动重启,assigned,open,,0000000,,,,,
0009362,ATgingerbread G01 DualSIM,QADL,donglide,wfmao,high,major,always,customer-8.31-G01-g01-20120910.0239,none,BT,2012-09-11,none,,,,public,2012-09-17,【BT】断开蓝牙耳机后，视频卡屏。,assigned,open,,0000000,,,,,
0009564,ATgingerbread G01 DualSIM,QADL,zhangzheng2012,luoweizhang,high,major,always,,none,UI,2012-09-17,none,,,,public,2012-09-17,[UI] 电池电量在两台G01手机上显示不一致,assigned,open,,0000000,,,,,
0009517,ATgingerbread G01 DualSIM,QADL,liuguifang,denglei,high,major,always,,none,Muiltimedia,2012-09-17,none,,,,public,2012-09-17,[Muiltimedia]开机后前俩次播放视频的音量过高,assigned,open,,0000000,,,,,
0009095,ATgingerbread G01 DualSIM, ,sulizhu,zhangsong,high,minor,random,,none,UI,2012-09-03,none,,,,public,2012-09-17,[NewMaintree][system][overnight]断开充电线后UI上仍显示为充电状态,assigned,open,,0000000,,,,,
0008611,ATgingerbread G01 DualSIM,QADL,fuxin,jli,high,minor,random,,none,System,2012-08-20,none,,,,public,2012-09-17,[NewMaintree][Daily][System]UI重启，手机长时间显示android界面,assigned,open,,0000000,,,,,
0008586,ATgingerbread G01 DualSIM, ,sulizhu,jli,high,minor,random,,none,System,2012-08-17,none,,,,public,2012-09-17,[NewMaintree][system]飞行模式下拨打112时手机自动关机,assigned,open,,0000000,,,,,
0009378,ICS-G01, ,zhouqinglan,yangzilong,high,major,sometimes,ics.4g01-20120911.0502-user,none,APK,2012-09-12,none,,,,public,2012-09-17,[APK]使用QQ视频聊天时，关闭camera，出现camera预览瞬间花屏现象，返回主菜单查看墙纸显示有异常.,assigned,open,,0000000,,,,,
0009390,T11A,QAAS,panyuwei,guozhengqin,high,major,always,T11-t11-20120911.0551-user,none,Default APK,2012-09-12,none,,,,public,2012-09-17,【7700】【Default APK】歌曲名称，显示乱码。,assigned,open,,0000000,,,,,
0009521,ATgingerbread A520 DualSIM,QADL,wangqi,yangzilong,high,major,random,,none,Camera,2012-09-17,none,,,,public,2012-09-17,[Maintree][Camera]短信添加“拍摄视频”的附件，摄像界面的预览窗定格在一个画面,assigned,open,,0000000,,,,,
0009556,T11A,QAAS,zhengchunyue,jli,high,major,random,T11-t11-20120917.0624-user,none,System,2012-09-17,none,,,,public,2012-09-17,【System】进入camera，拍照和录像模式切换，触屏失效,assigned,open,,0000000,,,,,
0009525,T11A,QADL,gaoxin,jli,high,major,random,,none,System,2012-09-17,none,,,,public,2012-09-17,【System】关闭USB调试，手机死屏关机,assigned,open,,0000000,,,,,
0009533,T11A,QAAS,muxiaoli,jli,high,major,sometimes,T11-t11-20120917.0624-user,none,System,2012-09-17,none,,,,public,2012-09-17,[System]打开USB存储设备后会弹出提示“系统用户界面无响应”,assigned,open,,0000000,,,,,
0009536,T11A,QAAS,zhangying,jli,high,major,random,T11-t11-20120917.0624-user,none,System,2012-09-17,none,,,,public,2012-09-17,【system】13:59时呼出号码后，对方可以接通，但没有声音，MO端没有显示通话，10s后黑屏，按任何键都不能点亮屏幕，但3个功能键是亮的。14:00手机自动重启，MT端显示电话挂断,assigned,open,,0000000,,,,,
0009542,T11A,QADL,gaoxin,jli,high,major,random,T11-t11-20120917.0624-user,none,APK,2012-09-17,none,,,,public,2012-09-17,【APK】中国象棋，死在某个界面,assigned,open,,0000000,,,,,
0009546,T11A,QAAS,zhangying,jli,high,major,random,T11-t11-20120917.0624-user,none,System,2012-09-17,none,,,,public,2012-09-17,[System]15:46手机在拨号时出现了手机自动关机现象,assigned,open,,0000000,,,,,
0009553,T11A,QAAS,zhengchunyue,jli,high,major,random,T11-t11-20120917.0624-user,none,System,2012-09-17,none,,,,public,2012-09-17,【System】拨打10086，开启关闭免提，手机自动关机,assigned,open,,0000000,,,,,
0009547,T11A,QADL,taoguangrui,wangpeng,high,major,always,T11-t11-20120917.0624-user,none,voice call,2012-09-17,none,,,,public,2012-09-17,[Daily][Voice call]T11跑DSP LOG无法开启voice dump,assigned,open,,0000000,,,,,
0009527,ATgingerbread G01 DualSIM, ,sulizhu,cpeng,high,major,random,,none,Data service,2012-09-17,none,,,,public,2012-09-17,[data service][overnight]联通卡登录微博/连接网页不成功,assigned,open,,0000000,,,,,
0009392,T11A,QAAS,panyuwei,jli,high,minor,sometimes,T11-t11-20120912.0551-user,none,APK,2012-09-12,none,,,,public,2012-09-17,【7700】【APK】运行水果忍者APK，卡屏，弹出无响应。,assigned,open,,0000000,,,,,
0009538,T11A,QAAS,anqiang,jli,high,major,always,T11-t11-20120917.0624-user,none,System,2012-09-17,none,,,,public,2012-09-17,[CR][System]添加高温保护功能,assigned,open,,0000000,,,,,
0009520,ATgingerbread G01 DualSIM,QAAS,panyuwei,jli,high,major,random,,none,System,2012-09-17,none,,,,public,2012-09-17,【System】卡2开data，FTP下载，卡1打电话，手机死屏。,assigned,open,,0000000,,,,,
0009488,T11A,QADL,gaoxin,jli,high,major,random,T11-t11-20120914.0545-user,none,voice call,2012-09-15,none,,,,public,2012-09-17,【voice call】通讯录无响应、启动器无响应、活动电话无响应,assigned,open,,0000000,,,,,
0008338,ICS-G01, ,chaihongying,cpeng,high,major,random,ics.4-g01-20120811.0116-user,none,System,2012-08-13,none,,,,public,2012-09-17,[System]唤醒手机后wifi没有自动连接也没有显示data图标，无法进入拨号盘，Shell工作不正常，重启后恢复,assigned,open,,0000000,,,2012-09-07,,
0009339,ATgingerbread G01 DualSIM,QAAS,jinyongxu,sunyue,high,major,random,,none,Modem,2012-09-11,none,,,,public,2012-09-14,[MMS] 接收MMS时，切换数据连接，双卡无信号,assigned,open,,0000000,,,,,
0009220,T11A,QAAS,gaoyuan,xiehongbiao,high,major,always,T11-t11-20120905.0441-user,none,Multimedia,2012-09-06,none,,,,public,2012-09-14,[7700][Video] 播放视频横屏切换为竖屏后，back键返回，出现半屏,assigned,open,,0000000,,,,,
0009249,ATgingerbread G01 DualSIM, ,sulizhu,jli,high,major,sometimes,,none,System,2012-09-07,none,,,,public,2012-09-14,[system]出现进程意外停止提示,assigned,open,,0000000,,,,,
0009065,ICS-G01,QADL,zhangchanglong,cpeng,high,major,always,ics.4-atxx-G01-8.23-20120831.0159-user,none,WiFi,2012-09-01,none,,,,public,2012-09-14,[Daily][WIFI]WIFI和Data同时打开时，系统频繁唤醒导致耗电过多,assigned,open,,0000000,,,,,
0009449,T11A,QAAS,wangjunzhu,jli,high,major,random,T11-t11-20120913.0546-user,none,System,2012-09-14,none,,,,public,2012-09-14,【Overnight】【System】呼出电话后手机死屏,assigned,open,,0000000,,,,,
0009446,ICS-G01,QADL,zhangchanglong,jli,high,major,always,,none,System,2012-09-13,none,,,,public,2012-09-13,[Daily][System]一台所罗门机器插入USB线死屏关机,assigned,open,,0000000,,,,,
0009292,Product-W1,,diaohongmei,mengxj,high,minor,sometimes,,none,System,2012-09-10,none,,,,public,2012-09-13,"[客户版本][system]低电手动重启,停留在HDC界面很久,然后又从头开始开机;",assigned,open,,0000000,,,,,
0009420,T11A,QAAS,panyuwei,jli,high,major,random,T11-t11-20120912.0551-user,none,SMS/MMS,2012-09-13,none,,,,public,2012-09-13,【Overnight】【SMS/MMS】接收彩信时，手机闪屏，随后死屏。,assigned,open,,0000000,,,,,
0009256,Product-W1,,lixiaoji,lixia,high,minor,random,,none,WiFi,2012-09-07,none,,,,public,2012-09-13,[wifi]使用wifi在酷我音乐盒播放音乐，wifi信号两格，提示网络不可用，退出再进去就提示设备没有SD卡 .附件为log 出现过两次,assigned,open,,0000000,,,,,
0009427,T11A,QAAS,wangjunzhu,jli,high,major,always,T11-t11-20120913.0546-user,none,System,2012-09-13,none,,,,public,2012-09-13,【USB】PC端向手机端传输文件过程中，无法关闭USB存储设备。,assigned,open,,0000000,,Function Case_System.xls_USB_1.2.9,,,
0008161,T11A,QAAS,wangshanshan,sence_zhang,high,major,sometimes,T11-t11-20120808.0200-user,none,System,2012-08-08,none,,,,public,2012-09-13,【USB】10:30 玩游戏过程中进行插拔USB线，出现死屏，30S到1分钟之内自动关机,assigned,open,,0000000,,,,,
0008829,T11A,QAAS,zhangying,guoguangyi,high,major,random,T11-t11-20120824.0201-user,none,Camera,2012-08-24,none,,,,public,2012-09-13,【camera】开启闪光灯后第一次拍摄没有快门音,assigned,open,,0000000,,,2012-09-30,,
0009417,Product-W1,,diaohongmei,Dennis Meng,high,minor,sometimes,,none,WiFi,2012-09-12,none,,,,public,2012-09-12,[wifi]打开关闭wifi系统重启;,assigned,open,,0000000,,,,,
0009225,Product-A530,QASZ,lvliyan,xingzengmou,high,minor,random,,none,Overnight,2012-09-07,none,,,,public,2012-09-12,"[Overnight 09/06] GPRS图标有显示,但无法登陆新浪微博,提示""未知的服务器"",23:51分进入UC浏览器,出现重启,一直停留在android界面",assigned,open,,0000000,,,,,
0006356,ICS-G01, ,zhangxue,zhangsong,high,major,sometimes,ics-paradise-g01-20120521.0035-user,none,CTP,2012-05-21,none,,,,public,2012-09-12,[CTP] 睡眠后立刻唤醒手机解锁，需滑动屏幕两次或以上才能解锁,assigned,fixed,ics.4-g01-20120804.0117-user,0000000,2012-08-03,,2012-08-08,,
0009347,T11A,QAAS,panyuwei,jli,high,major,sometimes,T11-t11-20120911.0551-user,none,Default APK,2012-09-11,none,,,,public,2012-09-12,【Default APK】打开USB存储设备时，手机会卡屏，并弹出关闭提示。,assigned,open,,0000000,,,,,
0009373,ATgingerbread G01 DualSIM,QASZ,lingfu,jli,high,major,random,,none,System,2012-09-12,none,,,,public,2012-09-12,[System]在开启wifi和蓝牙的前提下，反复用sim2打电话，出现一次系统自动重启,assigned,open,,0000000,,,,,
0009360,ICS-G01,QADL,duzuchuang,dingshengdong,high,major,always,ics.4g01-20120911.0502-user,none,Data service,2012-09-11,none,,,,public,2012-09-12,[Daily][Data service]使用recovery模式升级手机，打开Data后无E/G图标且不能上网,assigned,open,,0000000,,,,,
0005435,ATgingerbread G01 DualSIM, ,lianglizhen,houxianlong,high,minor,random,gingerbread-G01-g01-20120410.0509-user,none,Data service,2012-04-11,none,,,,public,2012-09-12,[Modem]出现选中SIM 数据连接但是没有data图标，上不了网，重启才恢复。,assigned,open,,0000000,,,,,
0009383,ICS-I50,QADL,zhangchanglong,cpeng,high,major,always,,none,WiFi,2012-09-12,none,,,,public,2012-09-12,[I50-客户][Wifi]开启wifi上QQ，手机睡眠状态下，不停被唤醒，耗电严重,assigned,open,,0000000,,,,,
0009191,Product-A530,QASZ,lvliyan,zhangsong,high,minor,sometimes,,none,CTP,2012-09-05,none,,,,public,2012-09-12,"[rewrite]20120905使用微信4.0,插上耳机,自动暗屏",assigned,open,,0000000,,,,,
0008237,T11A,QAAS,gaoyuan,wangxiaohong,high,major,random,T11-t11-20120809.0200-user,none,Camera,2012-08-09,none,,,,public,2012-09-12,[Camera] 保存全景图时，闹钟响，点击取消，继续拍摄，出现花屏,assigned,fixed,,0000000,2012-09-07,,,,
0009263,ATgingerbread G01 DualSIM, ,sulizhu,jli,high,major,random,,none,System,2012-09-08,none,,,,public,2012-09-12,[system]无响应-CPU100%,assigned,open,,0000000,,,,,
0009375,T11A,QAAS,gaoyuan,jli,high,minor,always,T11-t11-20120912.0551-user,none,System,2012-09-12,none,,,,public,2012-09-12,[System] 亮屏手机（#7）将亮度调到最大时，有兹兹声,assigned,open,,0000000,,,,,
0007985,T11A,QAAS,wangshanshan,cpeng,high,major,always,T11-t11-20120801.1133-user,none,WiFi,2012-08-01,none,,,,public,2012-09-12,【WIFI】WIFl连接后不稳定，2M左右，wifi断开连接,assigned,open,,0000000,,,,,
0009272,T11A,QAAS,wangjunzhu,jli,high,major,random,T11-t11-20120907.0457-user,none,System,2012-09-10,none,,,,public,2012-09-12,[System]Idle界面，点击相机快捷方式图标后出现死屏。,assigned,open,,0000000,,,,,
0009278,T11A,QAAS,anqiang,chenhengyi,high,major,always,T11-t11-20120907.0457-user,none,FM Radio,2012-09-10,none,,,,public,2012-09-12,[FM]客户要求FM支持外放,assigned,open,,0000000,,,2012-10-15,,
0009296,T11A,QAAS,anqiang,chenhengyi,high,major,always,T11-t11-20120907.0457-user,none,FM Radio,2012-09-10,none,,,,public,2012-09-12,[customer][FM]客户反馈：FM手动预置频道过少，只能保存3个频道,assigned,open,,0000000,,,2012-10-15,,
0009300,T11A, ,anqiang,chenhengyi,high,major,always,T11-t11-20120907.0457-user,none,FM Radio,2012-09-10,none,,,,public,2012-09-12,[Customer][FM]FM播放中，下拉状态栏FM状态显示为英文,assigned,open,,0000000,,,2012-09-30,,
0009308,T11A, ,anqiang,jli,high,major,random,T11-t11-20120910.0455-user,none,System,2012-09-10,none,,,,public,2012-09-12,[Customer][System]手机操作一小会就开始发烫,assigned,open,,0000000,,,2012-09-10,,
0009293,Product-W1,,diaohongmei,Dennis Meng,high,minor,sometimes,,none,voice call,2012-09-10,none,,,,public,2012-09-11,[客户版本][voice call]出现电话进程无响应,assigned,open,,0000000,,,,,
0008973,T11A,QAAS,panyuwei,jli,high,major,random,T11-t11-20120829.0333-user,none,Default APK,2012-08-29,none,,,,public,2012-09-11,【Default APK】设置闹钟后返回上级菜单，提示闹钟运行终止,assigned,open,,0000000,,,,,
0007910,T11A, ,zhaoxin,wangxiaohong,high,major,always,T11-t11-20120731.0359-user,none,Camera,2012-07-31,none,,,,public,2012-09-11,[Camera]后置摄像头在拍照后预览界面出现全屏的花屏,assigned,fixed,,0000000,2012-09-07,,,,
0004771,ATgingerbread G01 DualSIM,QADL,zhangchanglong,jli,high,major,sometimes,,none,voice call,2012-03-07,none,,,,public,2012-09-11,[Daily][Headset icon]打电话时出现耳机图标,assigned,open,,0000000,,,,,
0007329,ICS-G01, ,zhangxue,xiehongbiao,high,major,always,ics.4-g01-20120703.0323-user,none,APK,2012-07-03,none,,,,public,2012-09-11,[APK] ”唯美意境动态壁纸"设置时不能载入动态壁纸,assigned,open,,0000000,,,2012-09-07,,
0008807,T11A,QAAS,qinhao,guoguangyi,high,major,always,T11-t11-20120824.0201-user,none,System,2012-08-24,none,,,,public,2012-09-10,【System】闹钟响铃声音太小,assigned,open,,0000000,,,2012-09-30,,
0007922,T11A,QAAS,gaoyuan,wangxiaohong,high,major,always,T11-t11-20120731.0359-user,none,FM Radio,2012-07-31,none,,,,public,2012-09-10,[FM] FM搜索不到频道,assigned,fixed,,0000000,2012-08-31,,2012-09-30,,
0009270,T11A,QAAS,wangxiaole,jli,high,major,random,T11-t11-20120907.0457-user,none,System,2012-09-10,none,,,,public,2012-09-10,"[System]点击桌面快捷方式进入Canmera时,自动关机",assigned,open,,0000000,,,,,
0009274,T11A, ,wangyan,jli,high,major,sometimes,T11-t11-20120907.0457-user,none,System,2012-09-10,none,,,,public,2012-09-10,【system】插充电器播放幻灯片，屏幕定格在图片上死机,assigned,open,,0000000,,,,,
0008192,T11A,QAAS,panyuwei,lqian,high,major,have not tried,T11-t11-20120804.0732-user,none,System,2012-08-08,none,,,,public,2012-09-10,【APK】运行三国群殴传_1.2.apk，导致死屏。,assigned,unable to reproduce,,0000000,,,,,
0009253,T11A,QAAS,gaoyuan,jli,high,major,always,T11-t11-20120907.0457-user,none,System,2012-09-07,none,,,,public,2012-09-08,[USB] MTP连接无响应,assigned,open,,0000000,,,,,
0008142,ICS-G01,QADL,zhangchanglong,sence_zhang,high,major,random,ics.4-g01-20120806.0114-user,none,System,2012-08-07,none,,,,public,2012-09-08,【Daily】【System】手机充电时发生自动关机,assigned,open,,0000000,,,2012-09-07,,
0009150,ICS-G01,QADL,liupeixin,jli,high,minor,random,,none,System,2012-09-05,none,,,,public,2012-09-07,[daily][System]通话过程中自动关机,assigned,open,,0000000,,,,,
0009060,ICS-G01,QADL,miaoqianwen,jli,high,minor,random,,none,Modem,2012-09-01,none,,,,public,2012-09-07,[Customer][Modem]模拟客户体验时modem重启,assigned,open,,0000000,,,,,
0008761,ICS-G01,QADL,miaoqianwen,jli,high,minor,random,ics.4-g01-20120811.0116-user,none,System,2012-08-23,none,,,,public,2012-09-07,[Daily][System]power键点亮屏幕后不能解锁，且点击屏幕无反应,assigned,open,,0000000,,,,,
0008560,T11A, ,zhangxue,luoweizhang,high,major,always,T11-t11-20120814.0251-user,none,Power consumption,2012-08-17,none,,,,public,2012-09-07,[Power consumption] Idle 亮屏待机电流高,assigned,open,,0000000,,,,,
0008562,T11A, ,zhangxue,luoweizhang,high,major,always,T11-t11-20120814.0251-user,none,Power consumption,2012-08-17,none,,,,public,2012-09-07,[Power consumption] Deepsleep 电流偏高,assigned,open,,0000000,,,,,
0008275,T11A,QAAS,wangxiaole,cpeng,high,major,random,T11-t11-20120810.0200-user,none,WiFi,2012-08-10,none,,,,public,2012-09-07,"[WiFi]WIFI图标显示连接,但不加载数据",assigned,open,,0000000,,,,,
0008138,T11A,QAAS,zhangying,luoweizhang,high,major,sometimes,T11-t11-20120807.0250-user,none,System,2012-08-07,none,,,,public,2012-09-07,【System】手机无法开机，停在android界面,assigned,fixed,,0000000,2012-08-10,,,,
0009228,T11A,QAAS,zhangying,jli,high,major,random,T11-t11-20120906.0456-user,none,System,2012-09-07,none,,,,public,2012-09-07,[Overnight][System] 早上查看时按power键后发现手机屏幕是黑的，3个功能键也不亮，也不是充电状态。长按8后，再按power键后开机,assigned,open,,0000000,,,,,
0007986,T11A,QAAS,zhaoyu,cpeng,high,major,random,T11-t11-20120801.1133-user,none,WiFi,2012-08-01,none,,,,public,2012-09-06,【WiFi】同一个WiFi 在WiFi搜索界面显示两：UI一个提示“受保护的”，另一个提示“不在范围内”。,assigned,open,,0000000,,,,,
0009222,T11A,QAAS,muxiaoli,jli,high,major,random,T11-t11-20120906.0456-user,none,System,2012-09-06,none,,,,public,2012-09-06,[System]运行3D Bowling游戏过程中死机,assigned,open,,0000000,,,,,
0009113,Product-G01, ,diaohongmei,Dennis Meng,urgent,minor,always,,none,voice call,2012-09-04,none,,,,public,2012-09-06,[voice call]MT一个电话到SIM2卡，本机会提示com.android.phone进程意外停止，请重试;接着双卡掉网;,assigned,open,,0000000,,,,,
0008533,T11A,QAAS,gaoyuan,wangpeng,high,major,have not tried,T11-t11-20120815.0201-user,none,Modem,2012-08-16,none,,,,public,2012-09-06,[Overnight][Modem] SIM卡无信号，等待10分钟未恢复，无法浏览网页,assigned,open,,0000000,,,,,
0005640,ATgingerbread G01 DualSIM,QADL,zhangzheng2012,jli,high,minor,sometimes,,none,UI,2012-04-27,none,,,,public,2012-09-06,【customer】【UI】在电池使用情况中  只出现电池使用情况，却没有应用程序的电量使用情况,assigned,open,,0000000,,,,,
0008758,T11A,QAAS,wangxiaole,wangpeng,high,major,sometimes,T11-t11-20120823.0203-user,none,Modem,2012-08-23,none,,,,public,2012-09-05,"【Modem】开启DATA,DATA图标显示异常,掉网,",assigned,open,,0000000,,,,,
0009196,T11A,QAAS,gaoyuan,jli,high,major,random,T11-t11-20120905.0441-user,none,System,2012-09-05,none,,,,public,2012-09-05,[System] 浏览网页时输入网址，死机后自动关机,assigned,open,,0000000,,,,,
0008922,T11A, ,wangyan,jli,high,major,sometimes,T11-t11-20120828.0419-user,none,SMS/MMS,2012-08-28,none,,,,public,2012-09-05,【SMS/MMS】发送短信和彩信过程中，提示“很抱歉，"短信"已停止运行”,assigned,open,,0000000,,,,,
0007932,T11A,QAAS,wangxiaole,wfmao,high,major,always,T11-t11-20120731.0359-user,none,BT,2012-07-31,none,,,,public,2012-09-05,[BT]T11不能搜索到T11和部分国产品牌手机的蓝牙设备,assigned,open,,0000000,,,,,
0009128,T11A,QAAS,wangshanshan,xiachuan,high,major,always,T11-t11-20120904.0545-user,none,voice call,2012-09-04,none,,,,public,2012-09-05,【Call】MT，对方挂掉电话的一刹那测试机有兹啦一声,assigned,open,,0000000,,,,,
0008808,T11A,QAAS,wangxiaole,luoweizhang,high,major,sometimes,T11-t11-20120824.0201-user,none,System,2012-08-24,none,,,,public,2012-09-04,[System]按音量键调节音量无效,assigned,unable to reproduce,,0000000,,,,,
0008189,T11A,QAAS,muxiaoli,sence_zhang,high,major,always,T11-t11-20120808.0200-user,none,System,2012-08-08,none,,,,public,2012-09-03,[System]打开USB存储设备后手机死屏(只有T11A-3问题必现),assigned,open,,0000000,,,,,
0009076,ICS-G01,QADL,taoguangrui,jli,high,major,random,ics.4-atxx-G01-8.23-20120901.0250-user,none,System,2012-09-03,none,,,,public,2012-09-03,"[overnight][System]手机低电关机后,插入充电线可以正常开机，但无法解锁。",assigned,open,,0000000,,,,,
0004641,ATgingerbread G01 DualSIM, ,sulizhu,xiachuan,high,minor,always,gingerbread-G01-g01-20120227.0510-user,none,Voice quality,2012-02-29,none,,,,public,2012-09-03,[vocie call] A60端听到的声音比G01听到的声音纯，而且还原度也较高。,assigned,open,,0000000,,,,,
0009084,Product-BD65A,,weizhenzhu,Dennis Meng,high,major,sometimes,,none,System,2012-09-03,none,,,,public,2012-09-03,[customer daily][system] 升级好版本后，不管是进入短信编辑界面还是连接wifi界面，无法输入数字，因为键盘没有显示出来,assigned,open,,0000000,,,,,
0009038,ICS-G01,QADL,zhangchanglong,jli,high,major,always,ics.4-g01-20120831.0245-user,none,voice call,2012-08-31,none,,,,public,2012-09-03,【Daily】【Voice call】屏幕暗下后来电，先听到铃声屏幕再亮起,assigned,open,,0000000,,,,,
0005818,ICS-G01, ,zhangxue,luoweizhang,high,major,have not tried,ics-paradise-g01-20120504.0120-user,none,Power consumption,2012-05-04,none,,,,public,2012-09-01,[Power consumption] 4.0版本比2.3.7版本有些测试项电流偏高较多,assigned,fixed,,0000000,2012-05-30,,2012-08-29,,
0009005,ICS-G01,QADL,duzuchuang,cpeng,high,major,random,,none,WiFi,2012-08-30,none,,,,public,2012-08-31,[Daily][Wifi]开启Data后台运行“三国来了”后，WIFI打不开,assigned,open,,0000000,,,,,
0009046,ICS-G01,QADL,liangyang,jli,high,major,random,ics.4-atxx-G01-8.23-20120830.0201-user,none,System,2012-08-31,none,,,,public,2012-08-31,【customer】【system】来电后死屏无法接通来电,assigned,open,,0000000,,,,,
0009019,T11A,QAAS,zhangying,sence_zhang,high,major,random,T11-t11-20120830.0332-user,none,System,2012-08-31,none,,,,public,2012-08-31,【system】17:05时进入相机拍照没有快门音，退出相机后死屏，按任何键都不好用，2分钟后手机自动关机,assigned,open,,0000000,,,,,
0008703,ICS-G01,QAAS,wangjunzhu,lqian,high,major,random,ics.4-g01-20120821.0206-user,none,System,2012-08-22,none,,,,public,2012-08-31,【Overnight】开启data和wifi，静置一晚，早上来手机已低电自动关机，无法开机,assigned,open,,0000000,,,2012-09-07,,
0008915,T11A,QAAS,qinhao,wangpeng,high,major,always,T11-t11-20120828.0419-user,none,Data service,2012-08-28,none,,,,public,2012-08-30,【data service】开启DATA，连接不上FTP，过一会掉网,assigned,open,,0000000,,,,,
0007734,ICS-G01,QADL,zhangchanglong,sence_zhang,high,major,random,,none,System,2012-07-23,none,,,,public,2012-08-30,[Overnight][System]Poweroff caused by a kernel panic bug,assigned,open,,0000000,,,2012-09-07,,
0008781,T11A,QAAS,anqiang,wangpeng,high,major,have not tried,T11-t11-20120823.0203-user,none,Modem,2012-08-24,none,,,,public,2012-08-30,[Overnight][Modem]0823-daily Modem重启汇总,assigned,open,,0000000,,,,,
0008696,T11A,QAAS,wangxiaole,jli,high,major,sometimes,T11-t11-20120822.0145-user,none,System,2012-08-22,none,,,,public,2012-08-30,"[System]开机时插入充电器,死机",assigned,open,,0000000,,,,,
0008905,ICS-I50, ,chaihongying,jli,high,major,always,,none,System,2012-08-27,none,,,,public,2012-08-29,[Customer]睡眠时唤醒，比G01慢,assigned,open,,0000000,,,,,
0008773,T11A,QAAS,zhaoyu,wangpeng,high,major,random,T11-t11-20120823.0203-user,none,Data service,2012-08-23,none,,,,public,2012-08-29,【Data】Data从新开启，Data图标显示10S左右消失，等待3分钟依然无法连接，多次关闭Data再开启依然无法连接。,assigned,open,,0000000,,,,,
0008482,Product-A530, ,diaohongmei,lixia,high,major,always,,none,System,2012-08-16,none,,,,public,2012-08-29,[Charge]电池电量显示很不准，显示68%，关机后插着充电器再开机，电池图标变红;,assigned,open,,0000000,,,,,
0008136,T11A,QAAS,wangxiaole,wangxiaohong,high,major,random,T11-t11-20120807.0250-user,none,Camera,2012-08-07,none,,,,public,2012-08-29,[Camera]照出照片重叠显示,assigned,open,,0000000,,,,,
0008158,T11A,QAAS,muxiaoli,wanglibo,high,major,always,T11-t11-20120807.0250-user,none,System,2012-08-07,none,,,,public,2012-08-28,[System]拔掉SD卡时手机会死屏（仅T11A-3问题必现）,assigned,open,,0000000,,,,,
0008685,T11A,QAAS,zhaoyu,wfmao,high,major,always,T11-t11-20120821.0250-user,none,BT,2012-08-21,none,,,,public,2012-08-28,【BT】用BT设备，看视频与听音乐时声音有断续。,assigned,open,,0000000,,,,,
0008647,T11A,QADL,gaoxin,guoguangyi,high,major,always,T11-t11-20120820.0159-user,none,Audio,2012-08-21,none,,,,public,2012-08-28,【Audio】T11铃声比4.0和G01 2.3.7都小,assigned,open,,0000000,,,,,
0008112,T11A,QAAS,zhaoyu,panyiwen,high,major,random,T11-t11-20120807.0250-user,none,System,2012-08-07,none,,,,public,2012-08-28,[System] 出现屏幕背景灯不亮但仔细观察还可以看到正常的桌面进行操作,assigned,fixed,,0000000,2012-08-24,,,,
0008921,T11A,QAAS,wangxiaole,wangxiaohong,high,major,always,T11-t11-20120828.0419-user,none,Camera,2012-08-28,none,,,,public,2012-08-28,[Camera]进入相机反应慢，预览界面出现绿色花屏，已拍摄照片提示“无法预览”,assigned,open,,0000000,,,,,
0008521,Product-A530,QASZ,yaochunyan,jiahuaili,high,major,always,,none,Power consumption,2012-08-16,none,,,,public,2012-08-28,[power consumption]wifi sleep 电流高,assigned,open,,0000000,,,,,
0008366,ICS-G01,QADL,lining,lqian,high,major,sometimes,ics.4-g01-20120814.0206-user,none,System,2012-08-14,none,,,,public,2012-08-27,【daily】【System】进入Goole地图出现花屏,assigned,open,,0000000,,,2012-09-07,,
0007728,ICS-G01,QAAS,muxiaoli,sence_zhang,high,major,always,ics.4-g01-20120717.0212-user,none,Data service,2012-07-23,none,,,,public,2012-08-27,[Daily][Data service]G01插入耳机，与参考机建立视频通话，参考机听不到G01端声音,assigned,open,,0000000,,,2012-09-07,,
0008681,ICS-G01, ,zhouxin,cpeng,high,major,random,ics.4-g01-20120820.0114-user,none,WiFi,2012-08-21,none,,,,public,2012-08-27,[daily][wifi]wifi打开深睡，电流开始比较低，后来突然升高不下降,assigned,open,,0000000,,,2012-09-07,,
0008801,T11A,QAAS,qinhao,lqian,high,major,random,T11-t11-20120824.0201-user,none,Multimedia,2012-08-24,none,,,,public,2012-08-27,【Mulitimedia】播放音乐时死机,assigned,open,,0000000,,,,,
0008040,ICS-G01,QADL,gaozihang,lqian,high,major,random,ics.4-g01-20120803.0115-user,none,System,2012-08-03,none,,,,public,2012-08-27,[Daily][System]手机出现花屏,assigned,open,,0000000,,,2012-09-07,,
0008243,T11A, ,zhangxue,lqian,high,major,random,T11-t11-20120808.0200-user,none,System,2012-08-09,none,,,,public,2012-08-21,[System] 安装水果忍者后手机死屏无法操作,assigned,open,,0000000,,,,,
0008391,ICS-I50, ,chaihongying,dingshengdong,high,major,always,,none,WiFi,2012-08-14,none,,,,public,2012-08-21,[Customer]wifi 无法正常连接，MAC地址为0,assigned,open,,0000000,,,,,
0008604,T11A,QAAS,zhangying,sence_zhang,high,major,have not tried,T11-t11-20120816.0159-user,none,System,2012-08-20,none,,,,public,2012-08-20,[Overnight][System]8月18号13:40进入ES文件管理器点QQ APK时发生了UI重启,assigned,open,,0000000,,,,,
0007687,ICS-G01,QASZ,lingfu,sence_zhang,high,major,random,ics.4-g01-20120719.0116-user,none,Muiltimedia,2012-07-20,none,,,,public,2012-08-17,用子午播放器播放视频会有在播放过程中重新播放、出现无法播放此视频的情况。,assigned,fixed,,0000000,2012-07-31,,2012-09-07,,
0007619,ICS-G01,QADL,songyaqin,wangxiaohong,high,major,random,ics.4-g01-20120718.0115-user,none,Camera,2012-07-18,none,,,,public,2012-08-17,[Daily][Camera]录像过程中，先卡屏，点back键，导致相机无响应，点等待无效,assigned,open,,0000000,,,2012-09-07,,
0008007,T11A,QADL,liuguifang,zoulu,high,major,always,T11-t11-20120802.0200-user,none,Data service,2012-08-02,none,,,,public,2012-08-16,[Data service]data网页下载速度慢,assigned,open,,0000000,,,,,
0005096,ATgingerbread G01 DualSIM,QADL,anqiang,mahui,high,minor,random,,none,WiFi,2012-03-21,none,,,,public,2012-08-16,[CR][WIFI]G01 量产机 wifi 出厂设置的问题,assigned,open,,0000000,,,,,
0007936,T11A,QAAS,wangxiaole,wfmao,high,major,always,T11-t11-20120731.0359-user,none,BT,2012-07-31,none,,,,public,2012-08-15,[BT]T11与其他蓝牙设备连接后，放置不动或者短距离离开已连接的蓝牙设备，蓝牙连接断开,assigned,open,,0000000,,,,,
0008214,ICS-G01,QADL,bishihai,dingshengdong,high,major,random,ics.4-g01-20120809.0115-user,none,voice call,2012-08-09,none,,,,public,2012-08-13,[Daily][Voice call] 点击拨号键，自动退出无法进入拨号界面。,assigned,open,,0000000,,,2012-09-07,,
0008337,Product-G01, ,ethanliu,Dennis Meng,high,major,always,,none,System,2012-08-13,none,,,,public,2012-08-13,"SD卡写满 写到内存  内存不足,导致部断重启",assigned,open,,0000000,,,,,
0008215,ICS-G01,QADL,taoguangrui,jianjun,high,major,always,ics.4-g01-20120809.0115-user,none,3D gallery,2012-08-09,none,,,,public,2012-08-13,[Daily][Gallery]使用图库播放rmvb格式的视频，画面出现大面积粉色和绿色阴影。,assigned,open,,0000000,,,2012-09-07,,
0008259,Product-G01,QASZ,yaochunyan,chen yue,high,major,always,,none,Call,2012-08-09,none,,,,public,2012-08-11,[Call] 接通电话前几秒出现听不到声音以及断音的情况,assigned,open,,0000000,,,,,
0007133,ATgingerbread G01 DualSIM,QADL,gaoyang,xiehongbiao,high,minor,random,,none,Camera,2012-06-25,none,,,,public,2012-08-10,[daily][overnight]相机屏幕出现花屏1s后黑屏,assigned,open,,0000000,,,,,
0006448,ATgingerbread G01 DualSIM,QASZ,tujiachen,xiehongbiao,high,minor,sometimes,,none,Muiltimedia,2012-05-24,none,,,,public,2012-08-10,播放720P一段时间后提示“此视频无法播放”，在G01和I50上都有出现,assigned,open,,0000000,,,,,QA
0005057,ATgingerbread G01 DualSIM,QADL,anqiang,jli,high,minor,random,gingerbread-G01-g01-20120322.0155-user,none,System,2012-03-21,none,,,,public,2012-08-10,[GP201][System]进入通话记录，呼叫10086时手机重启,assigned,open,,0000000,,,,,
0006277,ATgingerbread G01 DualSIM,QASZ,tujiachen,jli,high,minor,random,,none,voice call,2012-05-17,none,,,,public,2012-08-10,"[customer daily] 早上9:26 耳机通话音质不好，对方听我方的声音很沙哑,听不太清楚。",assigned,open,,0000000,,,,,QA
0005869,ATgingerbread G01 DualSIM,QADL,wangmian,xiehongbiao,high,minor,random,,none,Muiltimedia,2012-05-07,none,,,,public,2012-08-10,[Weekly][Muiltimedia]播放视频过程中出现无法播放视频提示，之后所有视频无法播放。,assigned,open,,0000000,,,,,
0004882,ATgingerbread G01 DualSIM,QABJ,mahui,jli,high,major,sometimes,gingerbread_G01-1.11.20120309,none,System,2012-03-12,none,,,,public,2012-08-10,"[From 4658][MMIO] 打开飞行模式,待机,大约没隔5分钟会自动关机.",assigned,open,,0000000,,,,,
0004429,ATgingerbread G01 DualSIM,QADL,duzuchuang,jli,high,minor,random,,none,System,2012-02-21,none,,,,public,2012-08-10,【weekly】开机死屛,assigned,open,,0000000,,,2012-03-08,,Joey
0005338,ATgingerbread G01 DualSIM,QADL,gaoxin,jli,high,minor,always,gingerbread_G01-1.15.20120330,none,System,2012-04-01,none,,,,public,2012-08-10,[Weekly][Gallery]取消全选时，更多里的“向左旋转、向右旋转”的功能不能实现。,assigned,open,,0000000,,,,,
0005391,ATgingerbread G01 DualSIM,QADL,zhangchanglong,jli,high,minor,always,gingerbread-G01-g01-20120409.0406-user,none,System,2012-04-09,none,,,,public,2012-08-10,[Daily][System]G01插入2张SIM后，闹钟初始界面不能被锁屏,assigned,open,,0000000,,,,,
0005469,ATgingerbread G01 DualSIM,QADL,wangmian,jli,high,minor,always,,none,System,2012-04-12,none,,,,public,2012-08-10,[Customer Branch][System]快速设置地图动态壁纸出现强制关闭,assigned,open,,0000000,,,,,
0005526,ATgingerbread G01 DualSIM,QADL,gaoyuan,xiehongbiao,high,minor,always,gingerbread_G01-1.15-daily.20120417.0203,none,Muiltimedia,2012-04-17,none,,,,public,2012-08-10,"[Customer branch][Muiltimedia] 连接蓝牙耳机播放视频，当蓝牙耳机出了所能允许的最大距离时,视频画面会变卡",assigned,open,,0000000,,,,,
0005555,ATgingerbread G01 DualSIM,QADL,duzuchuang,xiehongbiao,high,minor,always,,none,Muiltimedia,2012-04-19,none,,,,public,2012-08-10,[Customer Branch] 查看3GP格式视频的详细信息，类型显示为MP4,assigned,open,,0000000,,,,,
0008167,ICS-G01,QADL,miaoqianwen,sence_zhang,high,major,random,ics.4-g01-20120803.0115-user,none,System,2012-08-08,none,,,,public,2012-08-09,[Daily][System]模拟用户使用时手机发生自动关机,assigned,open,,0000000,,,2012-09-07,,
0007288,ICS-G01, ,panqin,wangxiaohong,high,major,sometimes,ics.4-g01-20120629.0149-user,none,Camera,2012-06-29,none,,,,public,2012-08-08,"[Camera]前置摄像头录制约1h后无法暂停，提示无响应,录制的视频无法播放",assigned,open,,0000000,,,2012-09-07,,
0007890,ICS-G01, ,chaihongying,wangpeng,high,major,always,ics.4-g01-20120728.0116-user,none,Modem,2012-07-30,none,,,,public,2012-08-08,[GPRS]下载内容为有规律数字的10M文件失败,assigned,open,,0000000,,,2012-09-07,,
0006564,ICS-G01, ,liuping,sence_zhang,high,major,sometimes,ics.4-atxx-paradise-g01-20120525.0123-user,none,APK,2012-05-29,none,,,,public,2012-08-08,[APK]与参考手机QQ语音通话时，测试机发出的音频会缺字,assigned,open,,0000000,,,2012-09-07,,
0007780,ICS-G01, ,zhangxue,sence_zhang,high,major,sometimes,ics.4-g01-20120724.0209-user,none,Default APK,2012-07-24,none,,,,public,2012-08-08,[USB] 使用USB大容量存储时会出现死屏现象然后自动关机,assigned,fixed,,0000000,2012-07-31,,2012-09-07,,
0007369,ICS-G01, ,chaihongying,lqian,high,major,always,ics.4-g01-20120703.0323-user,none,Power consumption,2012-07-05,none,,,,public,2012-08-08,[power consumption]MP4 playback is higher than 2.3.7,assigned,fixed,,0000000,2012-07-12,,2012-09-07,,
0007044,ICS-G01, ,fanyuxin,lqian,high,major,sometimes,ics.4-atxx-paradise-g01-20120620.0037-user,none,APK,2012-06-20,none,,,,public,2012-08-08,[APK][HW2D]在设置动态壁纸”唯美意境壁纸.Apk"时出现死机。,assigned,open,,0000000,,,2012-09-07,,
0008178,T11A,QAAS,gaoyuan,luoweizhang,high,major,random,T11-t11-20120808.0200-user,none,System,2012-08-08,none,,,,public,2012-08-08,【System】编辑Email时，死屏后自动关机,assigned,open,,0000000,,,,,
0005516,Product-G01,QABJ,mahui,jli,high,major,always,gingerbread_G01-1.16.20120410,none,HW driver,2012-04-17,none,,,,public,2012-08-08,[CR][Customer Branch][Uboot] 发现nocharger_table的第一个数值，%0那个电压，会直接影响到uboot开机最低电压的设置。,assigned,open,,0000000,,,,,
0006404,ATgingerbread G01 DualSIM,QASZ,yaochunyan,jli,high,minor,always,gingerbread_G01-1.20.20120508,none,Power consumption,2012-05-22,none,,,,public,2012-08-08,[power consumption] deepsleep 回来idle电流高20mA,assigned,open,,0000000,,,,,
0006653,ATgingerbread G01 DualSIM,QASZ,yaochunyan,jli,high,minor,always,gingerbread_G01-1.20.20120508,none,Power consumption,2012-06-01,none,,,,public,2012-08-08,[power consumption] G01X idle current is 20mA higher than G01,assigned,open,,0000000,,,,,
0005683,ATgingerbread G01 DualSIM, ,ethanliu,jli,high,major,always,,none,Power consumption,2012-05-02,none,,,,public,2012-08-08,"Current consumption cut, Active電流大,發熱",assigned,open,,0000000,,,,,
0005738,ATgingerbread G01 DualSIM, ,ethanliu,jli,high,major,always,,none,System,2012-05-03,none,,,,public,2012-08-08,[CR]提高系统速度,assigned,open,,0000000,,,,,
0004281,ATgingerbread G01 DualSIM,QADL,gaoyuan,xiehongbiao,high,minor,always,,none,Muiltimedia,2012-02-15,none,,,,public,2012-08-08,[Multimedia][H264] 播放main720p的H264的文件画面会卡,assigned,open,,0000000,,,,,
0005105,ATgingerbread G01 DualSIM,QADL,zhangying,xiehongbiao,high,minor,always,gingerbread-G01-g01-20120322.0155-user,none,Camera,2012-03-22,none,,,,public,2012-08-08,[daily][camera] 在收听FM时拍照，进入相机拍的相片声音异常,assigned,open,,0000000,,,,,
0005297,ATgingerbread G01 DualSIM,QADL,miaoqianwen,xiehongbiao,high,minor,always,gingerbread_G01-1.15.20120330,none,Muiltimedia,2012-03-30,none,,,,public,2012-08-08,[Weekly][Muiltimedia]连接有线耳机状态下，播放视频，睡眠解锁后出现声音混合,assigned,open,,0000000,,,,,
0005306,ATgingerbread G01 DualSIM,QADL,wangmian,xiehongbiao,high,major,always,gingerbread_G01-1.15.20120330,none,System,2012-03-30,none,,,,public,2012-08-08,[Weekly][USB]大容量存储设备打开时拔出USB线，之后手机SD卡无法识别。,assigned,open,,0000000,,,,,
0007966,T11A,QAAS,anqiang,luoweizhang,high,major,have not tried,T11-t11-20120731.0359-user,none,System,2012-08-01,none,,,,public,2012-08-07,[Overnight][System]测试机死屏，只能长按电源键8S后关机,assigned,open,,0000000,,,,,
0008030,T11A, ,zhangxue,luoweizhang,high,major,random,T11-t11-20120802.0200-user,none,System,2012-08-02,none,,,,public,2012-08-07,[System] 手机在来电界面死屏,assigned,open,,0000000,,,,,
0005218,ATgingerbread G01 DualSIM,QADL,taoguangrui,wfmao,high,minor,always,gingerbread-G01-g01-20120327.0410-user,none,BT,2012-03-27,none,,,,public,2012-08-06,"【Daily】【BT】WIFI连接失败导致重复连接时,使用BT耳机听歌会断断续续。",assigned,open,,0000000,,,,,
0005478,ATgingerbread G01 DualSIM,QADL,miaoqianwen,jli,high,minor,always,,none,System,2012-04-13,none,,,,public,2012-08-01,[Customer Branch][system]设置多个时间相同闹表,assigned,open,,0000000,,,,,
0005480,ATgingerbread G01 DualSIM,QADL,miaoqianwen,jli,high,minor,always,,none,System,2012-04-13,none,,,,public,2012-08-01,[Customer Branch][System]拨号画面中号码添加位置错误,assigned,open,,0000000,,,,,
0005538,ATgingerbread G01 DualSIM,QADL,gaoyuan,jli,high,minor,always,Customer branch G01-1.15-daily.20120418,none,Gmail/Email,2012-04-19,none,,,,public,2012-08-01,[Customer Branch][ES] ES文件中的文件，在多选之后，分享到Email，附件中没有被添加,assigned,open,,0000000,,,,,
0007037,ATgingerbread G01 DualSIM,QASZ,yaochunyan,xiehongbiao,high,minor,always,gingerbread_G01-1.20.20120508,none,APK,2012-06-20,none,,,,public,2012-08-01,[APK] 搜狐视频无法播放，进去自动退出,assigned,open,,0000000,,,,,
0007916,T11A, ,zhaoxin,wangxiaohong,high,major,always,T11-t11-20120731.0359-user,none,Camera,2012-07-31,none,,,,public,2012-08-01,[Camera]前置摄像头功能未加载,assigned,open,,0000000,,,,,
0005178,ATgingerbread G01 DualSIM,QADL,gaoyuan,yangzilong,high,minor,always,gingerbread-G01-g01-20120326.0305-user,none,UI,2012-03-26,none,,,,public,2012-07-10,[Daily][UI] web视频观看中，来电，来电主动停止，接听键会马上消失但联系人图标会停留10秒才消失,assigned,open,,0000000,,,,,
0005273,ATgingerbread G01 DualSIM, ,chaihongying,wanglibo,high,minor,random,,none,System,2012-03-29,none,,,,public,2012-07-06,[System]不断的强行关闭，直到拔出SD卡,assigned,open,,0000000,,,,,
0007340,ATgingerbread G01 DualSIM,QABJ,mahui,jli,high,minor,always,,none,Power consumption,2012-07-04,none,,,,public,2012-07-04,[Daily] 2.3.7_Maintree的很多测试项电流值比rewrite branch的电流值高。,assigned,open,,0000000,,,,,
0004897,ATgingerbread G01 DualSIM,QADL,zhangchanglong,sence_zhang,high,minor,sometimes,,none,System,2012-03-13,none,,,,public,2012-07-04,[Daily][Power]有电状态下G01开不开机,assigned,open,,0000000,,,,,
0004800,ATgingerbread G01 DualSIM,QADL,zhangchanglong,jli,high,minor,sometimes,gingerbread-G01-g01-20120308.0106-user,none,System,2012-03-08,none,,,,public,2012-07-04,[Daily][Video]G01插入标配耳机，播放视频没有声音,assigned,open,,0000000,,,,,
0004050,ATgingerbread G01 DualSIM, ,duzuchuang,jli,high,minor,random,gingerbread_G01-1.06.20120203,none,Charger,2012-02-07,none,,,,public,2012-07-04,充电栏的电量图标总是显示充电状态,assigned,open,,0000000,,,,,
0004970,ATgingerbread G01 DualSIM,QADL,duzuchuang,dingshengdong,high,minor,random,,none,System,2012-03-16,none,,,,public,2012-07-04,"[System malfunction][Overnight]安装微信后,android重启",assigned,open,,0000000,,,,,
0005028,ATgingerbread G01 DualSIM, ,chaihongying,jli,high,minor,random,gingerbread-G01-g01-20120315.0040-user,none,System,2012-03-20,none,,,,public,2012-07-04,[System]不能关机，一直停留在关机界面,assigned,open,,0000000,,,,,
0005416,ATgingerbread G01 DualSIM,QADL,zhangchanglong,jli,high,minor,random,gingerbread-G01-g01-20120410.0509-user,none,Charger,2012-04-10,none,,,,public,2012-07-04,[Daily][Charger]G01拔掉充电线后仍然显示正在充电,assigned,open,,0000000,,,,,
0005171,ATgingerbread G01 DualSIM, ,chaihongying,jli,high,minor,random,,none,System,2012-03-24,none,,,,public,2012-07-04,[System]自动关机问题验证结果跟踪,assigned,open,,0000000,,,,,
0005629,ATgingerbread G01 DualSIM,QADL,zhangying,jli,high,minor,random,gingerbread-G01-g01-20120426.0429-user,none,System,2012-04-27,none,,,,public,2012-07-04,[daily][system]使用卡1拨打电话主动挂断电话后，拨号界面黑屏,assigned,open,,0000000,,,,,
0007203,ATgingerbread G01 DualSIM,QADL,gaoyang,jli,high,minor,random,,none,System,2012-06-27,none,,,,public,2012-07-04,[Daily][ringtone]飞行模式下开机，手机提示为静音,assigned,open,,0000000,,,,,
0007122,ATgingerbread G01 DualSIM,QADL,mahui,wfmao,high,minor,random,,none,Network,2012-06-25,none,,,,public,2012-07-04,[Phone Prior][Customer_Branch][SIM] 重新开机后不识别SIM卡(from #6846),assigned,open,,0000000,,,,,
0005598,ATgingerbread G01 DualSIM, ,zhaoxin,jli,high,minor,random,gingerbread_G01-1.17.20120417,none,System,2012-04-25,none,,,,public,2012-07-04,[System]点击拨号盘黑屏持续4min,assigned,open,,0000000,,,,,
0005596,ATgingerbread G01 DualSIM, ,zhaoxin,jli,high,minor,random,gingerbread-G01-g01-20120413.0339-user,none,System,2012-04-25,none,,,,public,2012-07-04,[System]在拨号盘和通话记录按呼出无反应，5min后系统自动呼出,assigned,open,,0000000,,,,,
0005466,ATgingerbread G01 DualSIM, ,liuping,jli,high,minor,random,gingerbread-G01-g01-20120406.0414-user,none,System,2012-04-12,none,,,,public,2012-07-04,[System][overnight]早晨起来发现时间变为2012-1-1，时间变为下午6点多,assigned,open,,0000000,,,,,
0005224,ATgingerbread G01 DualSIM, ,panqin,jli,high,minor,always,gingerbread-G01-g01-20120327.0410-user,none,FM Radio,2012-03-27,none,,,,public,2012-07-04,[FM Radio]FM收音机调节音量显示是“音量”，而不是“媒体音量”,assigned,open,,0000000,,,,,
0005225,ATgingerbread G01 DualSIM, ,panqin,jli,high,minor,always,gingerbread-G01-g01-20120327.0410-user,none,FM Radio,2012-03-27,none,,,,public,2012-07-04,[FM Radio]播放FM收音机睡眠时，无法控制FM音量,assigned,open,,0000000,,,,,
0006673,ATgingerbread G01 DualSIM,QADL,yiguangyang,xiehongbiao,high,minor,always,,none,APK,2012-06-01,none,,,,public,2012-07-04,[Customer branch][QQ2012]手机QQ向PC端QQ发送视频请求，手机QQ出现无响应情况，退出后QQ无法登陆,assigned,open,,0000000,,,,,
0007083,ATgingerbread G01 DualSIM,QADL,fuxin,xiehongbiao,high,minor,always,,none,Muiltimedia,2012-06-21,none,,,,public,2012-07-04,[daily][Muiltimedia]ES播放720p的视频后不能自动退出,assigned,open,,0000000,,,,,
0007089,ATgingerbread G01 DualSIM,QADL,liangyang,jli,high,minor,always,,none,System,2012-06-21,none,,,,public,2012-07-04,[Daily][Widget]电量控制widget的亮度显示值和[设置→显示→亮度]的亮度值不同步,assigned,open,,0000000,,,,,
0007156,ATgingerbread G01 DualSIM,QADL,gaoyang,xiehongbiao,high,minor,always,,none,Muiltimedia,2012-06-26,none,,,,public,2012-07-04,[Daily][Muiltimedia]720p的视频播放不正常,assigned,open,,0000000,,,,,
0007226,ATgingerbread G01 DualSIM,QADL,gaoyang,xiehongbiao,high,minor,always,,none,Muiltimedia,2012-06-28,none,,,,public,2012-07-04,[Daily][muiltimedia]ogg格式音乐播放时进度条显示不正常,assigned,open,,0000000,,,,,
0006364,ATgingerbread G01 DualSIM,QASZ,zhouxiaofeng,jli,high,major,have not tried,,none,System,2012-05-21,none,,,,public,2012-07-02,[Customer_Branch]Power consumption optimzation,assigned,open,,0000000,,,,,Joey
0007068,ATgingerbread G01 DualSIM,QABJ,mahui,jli,high,major,have not tried,,none,System,2012-06-21,none,,,,public,2012-06-26,[Maintree] 系统重启/自动关机类问题0618-0624的log跟踪------- 2012.06.18,assigned,open,,0000000,,,,,
0002472,G01 FT,,augu_wang,augu_wang,high,major,sometimes,Daily,none,GSM call,2011-10-25,none,,,,public,2012-06-21,[GSM][Field test][BJ]通话时没有声音。,assigned,open,,0000000,,,,,
0002549,G01 FT,,fanyuxin,fanyuxin,high,major,sometimes,Daily,none,GSM call,2011-11-01,none,,,,public,2012-06-21,[GSM][Field test][TJ]通话时没有声音,assigned,open,,0000000,,,,,
0002537,G01 FT,,fanyuxin,fanyuxin,high,major,sometimes,Daily,none,GSM call,2011-10-31,none,,,,public,2012-06-21,[GSM][Field test][BJ] 通话过程中经常出现听不见对方说话声音。,assigned,suspended,,0000000,,,,,
0003714,GameBox_Plus,QADL,zhangchanglong,mahui,high,major,sometimes,GameBox_V1.20_20120113,none,Data service,2012-01-16,none,,,,public,2012-06-21,[GPRS]在线看电子书中，突然没有GPRS信号,assigned,open,,0000000,,,,,
0003355,GameBox_Plus, ,diaohongmei,mahui,high,major,sometimes,GameBox_V1.18_20111230,none,WiFi,2011-12-30,none,,,,public,2012-06-21,[WiFi]使用过程中，wifi自动断开，无法再连接上，关闭wifi再打开时，发现一直不能打开。睡眠后第二次点亮屏幕时重启,assigned,open,,0000000,,,,,
0006598,ICS-I50, ,chaihongying,jli,high,major,always,,none,System,2012-05-30,none,,,,public,2012-05-30,[System]All-app view on I50 is not full screen,assigned,open,,0000000,,,,,
0005591,ATgingerbread G01 DualSIM,QABJ,zhaoxin,jli,high,major,random,gingerbread-G01-g01-20120406.0414-user,none,Network,2012-04-25,none,,,,public,2012-05-09,[System]系统向modem发送CFUN=4造成信号变叉,assigned,open,,0000000,,,,,
0005553,Product-S9L, ,diaohongmei,Dennis Meng,high,minor,sometimes,,none,System,2012-04-19,none,,,,public,2012-04-28,"[customer daily0419][system]动态壁纸待机过程中，发现wifi自动断开，关闭wifi再打开后,wifi出错; 图库无响应；相机无响应;",assigned,open,,0000000,,,,,
0005430,Product-S9L, ,diaohongmei,yfeng,high,minor,sometimes,,none,System,2012-04-10,none,,,,public,2012-04-23,"[customer 1.15 dialy0410][charge]放电至3.028v关机后，插上充电器，提示""Charging,please wait""后，会连续重启到此界面,直到开机;",assigned,open,,0000000,,,,,
0004823,Product-S9L,,chenmeng,lixiaoji,high,major,random,,none,System,2012-03-09,none,,,,public,2012-04-19,[daily][LCD]黑色背景显示异常,assigned,won't fix,,0000000,,,,,
0003331,M70P, ,tujiachen,chaihongying,high,minor,sometimes,M70P-1.16.1.20111223,none,voice call,2011-12-29,none,,,,public,2012-04-10,通話中會自動掛斷。,assigned,open,,0000000,,,,,
0002833,M70P,,augu_wang,chaihongying,high,major,random,M70P-1.12.20111125,none,Telephony,2011-11-25,none,,,,public,2012-04-10,[telephony] 从idle进拨号界面时提示“电话应用无响应”。,assigned,open,,0000000,,,2011-12-22,,
0002687,M70P,,augu_wang,chaihongying,high,minor,sometimes,M70P-1.10.20111111,none,WiFi,2011-11-14,none,,,,public,2012-04-10,[Wifi+BT] 先连接WIFI再连接BT耳机成功后wifi断开。,assigned,open,,0000000,,,2011-12-08,,
0005103,Product-SGS-SP-I50, ,lixiaoji,yfeng,high,minor,always,,none,HW,2012-03-22,none,,,,public,2012-03-28,听筒以及麦克声音失真严重，用户体验差。失真及灵敏度都有问题。,assigned,open,,0000000,,,,,
0004834,Product-S9L,,chenmeng,joeyyang,high,major,sometimes,,none,SIM Test,2012-03-09,none,,,,public,2012-03-10,[daily][sim]信号显示差,assigned,open,,0000000,,,,,
0004830,Product-S9L,,chenmeng,joeyyang,high,tweak,always,,none,GPS,2012-03-09,none,,,,public,2012-03-09,[daily][GPS]GPS信号差,assigned,open,,0000000,,,,,
0004693,G01_DualSIM, ,chaihongying,jli,high,major,sometimes,G01_DualSIM-1.10q.20120225,none,System,2012-03-02,none,,,,public,2012-03-03,i2c failure during factory calibration:,assigned,open,,0000000,,,,,
0004686,G01_DualSIM, ,chaihongying,jli,high,major,always,G01_DualSIM-1.10q.20120225,none,Power consumption,2012-03-01,none,,,,public,2012-03-01,[power consumption]“测量关机以后的稳定电流”，此项电流两台机器都比以往值偏高较多,assigned,open,,0000000,,,,,
0002547,G01_DualSIM, ,diaohongmei,wangpeng,high,minor,sometimes,G01_DualSIM-1.04.20111028,none,voice call,2011-11-01,none,,,,public,2012-02-23,有时候从座机不能打通本机，没有任何提示；连续再打一个电话，又可以打通。,assigned,reopened,,0000000,,,2011-11-10,,
0004470,G01_DualSIM, ,chaihongying,yfeng,high,major,always,G01_DualSIM-1.10o.20120207,none,HW driver,2012-02-22,none,,,,public,2012-02-23,[Customer][LCD]工厂生产发现LCD 闪屏，需要fix-Uboot,assigned,open,,0000000,,,,,
0004377,G01_DualSIM, ,chaihongying,yfeng,high,major,always,G01_DualSIM-1.10p.20120214,none,HW driver,2012-02-20,none,,,,public,2012-02-20,[Temperature][CR]G01整机需要增加温度检测的功能,assigned,open,,0000000,,,,,
0002764,G01_DualSIM,,ethanliu,cfan,high,major,random,G01_DualSIM-1.06a.20111118,none,System,2011-11-21,none,,,,public,2012-02-08,"[System] 系統記憶體不足,手機記憶無法再使用,寫入檔案失敗",assigned,open,,0000000,,,,,
0003102,G01_DualSIM,QADL,anqiang,liuyisheng,high,minor,always,,none,UI,2011-12-14,none,,,,public,2012-02-08,[weekly][UI]两个桌面中间时，锁屏，解锁后，UI为两个桌面中间,assigned,open,,0000000,,,,,
0002635,G01_DualSIM,,wangziyi,jli,high,major,sometimes,livesd_android_froyo_G01-1.07.20111007,none,GSM call,2011-11-09,none,,,,public,2012-02-03,Press power key to wake up screen. But the active call was hanged up.,assigned,open,,0000000,,,,,
0003242,G01_DualSIM, ,ethanliu,ethanliu,high,major,sometimes,G01_DualSIM-1.10b.20111216,none,System,2011-12-22,none,,,,public,2012-02-03,[Customer][Call] 来电铃声与亮屏时间差太久,assigned,open,,0000000,,,,,
0003916,Product-A500,QABJ,mahui,joeyyang,high,major,always,gingerbread_A500-Daily build.20120201,none,HW,2012-02-02,none,,,,public,2012-02-02,[GPS] 目前GPS天线不好，需要调试,assigned,open,,0000000,,,,,
0002222,G01 FT,,fanyuxin,mahui,high,minor,sometimes,livesd_android_froyo_G01-1.05.20110923,none,Network,2011-10-10,none,,,,public,2012-01-29,[Data servies] 上传或者下载文件经常失败。,assigned,open,,0000000,,,,,
0003122,M70P, ,lianglizhen,Amareliu,high,minor,always,M70P-1.14.20111209,none,BT,2011-12-14,none,,,,public,2012-01-19,[BT] 新的M70P连接蓝牙后播放多媒体文件会卡。,assigned,open,,0000000,,,2011-12-22,,
0003787,M70P, ,chaihongying,jli,high,major,random,M70P-1.19.20120113,none,System,2012-01-19,none,,,,public,2012-01-19,[Overnight]睡眠后无法唤醒，也不能开机，需要插入充电器才能开机,assigned,open,,0000000,,,,,
0003555,M70P, ,yanghan,yfeng,high,minor,always,M70P-1.18.20120106,none,Power consumption,2012-01-09,none,,,,public,2012-01-19,[Power consumption] 新机器 deep sleep 的电流偏高,assigned,open,,0000000,,,,,
0003387,M70P, ,yanghan,yfeng,high,minor,sometimes,M70P-1.17.20111230,none,Power consumption,2012-01-04,none,,,,public,2012-01-19,[Power consumption] wifi的平均电流升高,assigned,open,,0000000,,,,,
0003169,M70P, ,lianglizhen,cfan,high,minor,always,M70P-1.15.20111216,none,Other,2011-12-16,none,,,,public,2012-01-19,[power key] 打开DSPlog和voice dump log会导致power键无反应。,assigned,open,,0000000,,,,,
0003545,M70P, ,yanghan,Amareliu,high,major,always,M70P-1.18.20120106,none,Power consumption,2012-01-09,none,,,,public,2012-01-19,[Power consumption} 新机器屏亮的电流偏大,assigned,open,,0000000,,,,,
0002952,M70P,,augu_wang,oudoufei,high,minor,random,M70P-1.10e.20111203,none,CTP,2011-12-05,none,,,,public,2012-01-19,[CTP]充电时出现触屏错位。,assigned,open,,0000000,,,,,
0002692,M70P, ,yeyinfeng,yfeng,high,minor,sometimes,M70P-1.10.20111111,none,Power consumption,2011-11-15,none,,,,public,2012-01-19,M70P部分电流偏高,assigned,fixed,,0000000,2011-11-16,,2012-02-28,,
0003249,M70P, ,yanghan,yfeng,high,minor,always,M70P-1.15.1.20111216,none,HW,2011-12-23,none,,,,public,2012-01-19,[HW] 使用测试LCD的APK，颜色有色差,assigned,open,,0000000,,,2012-02-28,,
0003245,M70P, ,diaohongmei,yfeng,high,minor,always,M70P-1.15.1.20111216,none,voice call,2011-12-22,none,,,,public,2012-01-19,[current]该版本通话中时亮屏和暗屏，插耳机和不插耳机时的电流，都比以前版本升高50mA左右；,assigned,open,,0000000,,,2012-02-28,,
0003354,M70P, ,yanghan,yfeng,high,minor,sometimes,M70P-1.16.1.20111223,none,Power consumption,2011-12-30,none,,,,public,2012-01-19,[Power consumption]deepslepp的电流比之前的版本偏高,assigned,open,,0000000,,,2012-02-28,,
0003009,M70P, ,zhangxue,yfeng,high,minor,always,M70P-1.13.20111202,none,CTP,2011-12-08,none,,,,public,2012-01-19,[CTP] 新机器屏幕显示字体的边缘虚化，文字会一闪一闪的,assigned,open,,0000000,,,2012-02-28,,
0003388,M70P, ,yanghan,yfeng,high,minor,sometimes,M70P-1.17.20111230,none,Power consumption,2012-01-04,none,,,,public,2012-01-19,[Power consumption]播放MP4的电流升高,assigned,open,,0000000,,,,,
0003758,GameBox_Plus, ,diaohongmei,cfan,high,major,sometimes,GameBox_V1.20_20120113,none,Camera,2012-01-17,none,,,,public,2012-01-18,[Camera]操作过程中，进入相机，发现相机停留在前摄象头的画面处，只显示一个拍照按纽，死机，稍等会后又重启；重启后进入menu时又提示“启动器意外停止”；,assigned,open,,0000000,,,,,
0003781,GameBox_Plus,QABJ,mahui,jli,high,major,always,GameBox_V1.20_20120113,none,Power consumption,2012-01-18,none,,,,public,2012-01-18,[Power off] 关机电流太高,assigned,open,,0000000,,,,,
0003748,GameBox_Plus, ,diaohongmei,jli,high,major,always,GameBox_V1.20_20120113,none,APK,2012-01-17,none,,,,public,2012-01-17,[APK]从机峰市场下载的“捕鱼生涯“，玩大约10多分钟就会重启；,assigned,open,,0000000,,,,,
0003755,GameBox_Plus,QADL,zhangchanglong,jli,high,major,sometimes,GameBox_V1.20_20120113,none,System,2012-01-17,none,,,,public,2012-01-17,[System]Gamebox操作过程中花屏一次,assigned,open,,0000000,,,,,
0003441,M70P, ,yanghan,Amareliu,high,minor,sometimes,M70P-1.17.20111230,none,System,2012-01-05,none,,,,public,2012-01-17,[System] 在deep sleep之后，唤醒的时候，手机突然掉电，长按不能开机，长按8s后也不能开机，必须插充电器才能开机,assigned,open,,0000000,,,,,
0003204,M70P, ,diaohongmei,cfan,high,minor,sometimes,M70P-1.15.1.20111216,none,System,2011-12-20,none,,,,public,2012-01-17,[menu重启]编辑短信息后等待睡眠，然后再唤醒，按home键退回到桌面后，再点击menu键，等很久都没有反应，然后就重启了；,assigned,open,,0000000,,,,,
0003059,M70P, ,zhangxue,cfan,high,major,random,M70P-1.14.20111209,none,System,2011-12-09,none,,,,public,2012-01-16,[System] 手机睡操作一会，进入睡眠，按power键无反应，插上充电器自动开机后，所设的正确时间变成错误的时间,assigned,open,,0000000,,,2011-12-29,,
0003086,M70P, ,zhangxue,cfan,high,major,sometimes,M70P-1.14.20111209,none,System,2011-12-13,none,,,,public,2012-01-16,[System] [overnight] 手机在睡眠状态时有时会重启,assigned,open,,0000000,,,2011-12-29,,
0003200,M70P, ,lianglizhen,cfan,high,minor,sometimes,M70P-1.15.1.20111216,none,Charger,2011-12-20,none,,,,public,2012-01-16,[电量显示] 关机时电量为60%，再开机就会提示手机电量不足。,assigned,open,,0000000,,,,,
0003392,M70P, ,lianglizhen,cfan,high,crash,sometimes,M70P-1.17.20111230,none,System,2012-01-04,none,,,,public,2012-01-12,[modem]P42使用过程中出现M70P不断重启的情况。,assigned,open,,0000000,,,,,
0003386,M70P, ,yanghan,yfeng,high,minor,always,M70P-1.17.20111230,none,Power consumption,2012-01-04,none,,,,public,2012-01-12,[Power consumption] 开机的平均电流偏高,assigned,open,,0000000,,,,,
0003332,M70P, ,zhangxue,cfan,high,minor,sometimes,M70P-1.16.1.20111223,none,System,2011-12-29,none,,,,public,2012-01-12,[System] P30机器通话黑屏后屏幕有时唤不醒，拔掉SD卡后可唤醒,assigned,open,,0000000,,,,,
0003191,M70P, ,augu_wang,yfeng,high,minor,random,M70P-1.15.1.20111216,none,APK,2011-12-19,none,,,,public,2012-01-12,[APK] 玩水果忍者时提示“强制退出”。,assigned,open,,0000000,,,,,
0003145,M70P, ,lianglizhen,liuyisheng,high,minor,sometimes,M70P-1.14.20111209,none,UI,2011-12-15,none,,,,public,2012-01-11,[Idle] 桌面上的程序只显示icon不显示程序名称。,assigned,open,,0000000,,,,,
0002185,GameBox_Plus, ,tsunlong,cfan,high,minor,random,1.06.20111007,none,3D Gallery,2011-10-08,none,,,,public,2012-01-10,[Sleep and wakeup] Device can not wake up after deep sleep,assigned,open,,0000000,,,,,
0003350,GameBox_Plus, ,diaohongmei,jli,high,major,sometimes,GameBox_V1.18_20111230,none,APK,2011-12-30,none,,,,public,2012-01-10,[APK]进入植物大战僵尸，有时候会导致系统重启；,assigned,open,,0000000,,,,,
0003357,GameBox_Plus, ,diaohongmei,jli,high,major,always,GameBox_V1.18_20111230,none,APK,2011-12-30,none,,,,public,2012-01-10,[APK]进入“鳄鱼小顽皮爱洗澡”游戏时，停留在游戏开头的画面，等会后系统重启；,assigned,open,,0000000,,,,,
0003380,GameBox_Plus, ,diaohongmei,jli,high,major,sometimes,GameBox_V1.18_20111230,none,APK,2011-12-31,none,,,,public,2012-01-10,[APK]进入assassinscreed（刺客信条）游戏，提示download（提示要download151MB的内容）后，进度条动的很慢，download大概半个小时后成功，进入玩一局结束后，自动跳转到loading界面，等一会自动重启；,assigned,open,,0000000,,,,,
0003383,GameBox_Plus, ,diaohongmei,jli,high,major,sometimes,GameBox_V1.18_20111230,none,System,2012-01-04,none,,,,public,2012-01-10,"[System]关机再开机，显示完开机logo,到该显示待机界面时，屏幕黑屏，按power键键盘灯会亮，但是屏幕仍旧黑屏，串口有log输出；插上充电器后再按power键，屏幕点亮，恢复正常；",assigned,open,,0000000,,,,,
0003394,GameBox_Plus, ,lianglizhen,jli,high,major,always,GameBox_V1.18_20111230,none,Voice call,2012-01-04,none,,,,public,2012-01-10,[voice call] Gamebox plus通话时speaker声音偏小。,assigned,open,,0000000,,,,,
0003429,GameBox_Plus, ,diaohongmei,jli,high,major,always,GameBox_V1.18_20111230,none,APK,2012-01-05,none,,,,public,2012-01-10,"[Skype]登陆skype后，提示是否起用视频通话，选择启用后，自动退出skype,此后每次进去skype都自动退出；",assigned,open,,0000000,,,,,
0003451,GameBox_Plus, ,lianglizhen,jli,high,major,sometimes,GameBox_V1.18_20111230,none,System,2012-01-05,none,,,,public,2012-01-10,[system] 使用过程中偶尔会弹出Google服务框架意外停止。,assigned,open,,0000000,,,,,
0003499,GameBox_Plus, ,diaohongmei,jli,high,major,sometimes,GameBox_V1.18_20111230,none,System,2012-01-06,none,,,,public,2012-01-10,[System]玩植物大战僵尸游戏后退出，拨10086后又立刻挂断，屏幕停留在黑屏界面，看到串口输出log:The machine will be reseted after 2 second!然后机器重启；,assigned,open,,0000000,,,,,
0003502,GameBox_Plus, ,diaohongmei,jli,high,major,sometimes,GameBox_V1.19_20120106,none,APK,2012-01-06,none,,,,public,2012-01-10,[APK]玩植物大战僵尸游戏时，突然跳到选项菜单界面，此时，点击屏幕无反应；按键也没有反应；死机；,assigned,open,,0000000,,,,,
0003523,GameBox_Plus, ,diaohongmei,cfan,high,major,sometimes,GameBox_V1.19_20120106,none,HW Driver,2012-01-06,none,,,,public,2012-01-10,[USB ethernet]插入usb ethernet adapter后，打开以太网，然后选择以太网设置，该选项就一直处于被选中的状态，死机；,assigned,open,,0000000,,,,,
0003527,GameBox_Plus, ,diaohongmei,cfan,high,major,sometimes,GameBox_V1.19_20120106,none,HW Driver,2012-01-06,none,,,,public,2012-01-10,［USB ethernet Adapter］有时候开机后，进入以太网设置，不能读到以太网设备，此时返回后再点击保存，会提示应用程序意外停止；,assigned,open,,0000000,,,,,
0003528,GameBox_Plus, ,diaohongmei,cfan,high,major,always,GameBox_V1.19_20120106,none,HW Driver,2012-01-06,none,,,,public,2012-01-10,［USB ethernet Adapeter］插着usb ethernet adapter开机，会导致机器停留在android的字样处不动，无法完成开机流程；,assigned,open,,0000000,,,,,
0003529,GameBox_Plus, ,diaohongmei,cfan,high,major,sometimes,GameBox_V1.19_20120106,none,HW Driver,2012-01-06,none,,,,public,2012-01-10,［USB ethernet Adapter］连接上Adapter后，进入以太网设置，选择“保存”后，屏幕没反应，拔掉Adapter后，重启；,assigned,open,,0000000,,,,,
0003557,GameBox_Plus, ,diaohongmei,jli,high,major,always,GameBox_V1.19_20120106,none,APK,2012-01-09,none,,,,public,2012-01-10,"[APK]在电子市场下载游戏“Donkey Jump”后，进入选择adventure/kid/endless,都会导致系统重器；",assigned,open,,0000000,,,,,
0002925,M70P,,diaohongmei,jmxu,high,minor,always,M70P-1.13.20111202,none,APK,2011-12-02,none,,,,public,2012-01-06,[APK]设置动态壁纸为水族馆或者水墨动画；进入愤怒的小鸟后，发现很多icon都显示不出来；,assigned,fixed,,0000000,2011-12-06,,,,
0003022,M70P, ,augu_wang,Amareliu,high,minor,always,M70P-1.13.20111202,none,HW,2011-12-08,none,,,,public,2012-01-06,[LCD]屏幕颜色偏蓝。,assigned,open,,0000000,,,2011-12-22,,
0003377,M70P, ,augu_wang,cfan,high,minor,sometimes,M70P-1.17.20111230,none,CTP,2011-12-31,none,,,,public,2012-01-06,[CTP]手机在通话时会闪水波汶。,assigned,open,,0000000,,,,,
0003329,M70P, ,zhangxue,yfeng,high,minor,sometimes,M70P-1.16.1.20111223,none,Muiltimedia,2011-12-29,none,,,,public,2012-01-06,[Video] 用子午播放器播放视频一会后视频没声音,assigned,open,,0000000,,,,,
0003148,G01_DualSIM, ,lixiaoji,ethanliu,high,major,random,G01_DualSIM-1.06k.20111212,none,voice call,2011-12-15,none,,,,public,2011-12-30,[voice call]在通话中发生听不到对方声音.但对方可以听到这边的声音.,assigned,open,,0000000,,,,,
0002750,M70P,,tsunlong,Amareliu,high,minor,always,M70P-1.10.20111111,none,Base function,2011-11-18,none,,,,public,2011-12-30,[VGA]VGA-out接上投影機，會有嚴重的閃爍現象,assigned,suspended,,0000000,,,2011-12-15,,
0002812,M70P,,diaohongmei,cfan,high,minor,sometimes,M70P-1.11.20111118,none,Other,2011-11-24,none,,,,public,2011-12-29,"[SD]拔掉SD卡后，出现andord 的logo,机器重启",assigned,open,,0000000,,,,,
0003286,GameBox_Plus,,mahui,cfan,high,major,sometimes,GameBox_V1.17_20111223,none,HW Driver,2011-12-26,none,,,,public,2011-12-26,[Deep sleep] 设备唤醒后死机，按power键可灭屏但再次按power就无反应了。（Only #FL4 now）,assigned,open,,0000000,,,,,
0002740,M70P, ,diaohongmei,yfeng,high,minor,random,M70P-1.10a.20111118,none,Muiltimedia,2011-11-18,none,,,,public,2011-12-16,"[mp3]设置MP3播放为“循环播放所有mp3”,播放mp3, 同时打游戏“愤怒的小鸟”，当mp3播放到最后一首又去播放第一首时，突然没有声音了，再进游戏时，一直提示等待，更换mp3播放还是没有声音，打10086后恢复正常；",assigned,reopened,,0000000,2011-12-14,,2011-12-08,,
0002394,M70P,,yanghan,yfeng,high,minor,always,M70P-1.06.20111014,none,APK,2011-10-17,none,,,,public,2011-12-12,"[APK]安装""Racing Moto""apk,进入游戏点击开始,摩托就撞死了,根本无法正常控制，",assigned,fixed,M70P-1.07.20111021,0000000,,,2011-12-29,,
0002924,M70P,,diaohongmei,liuyisheng,high,minor,always,M70P-1.13.20111202,none,APK,2011-12-02,none,,,,public,2011-12-12,[动态壁纸]设置动态壁纸水族馆或者水墨动画后，进入menu上下滑动屏幕，明显感觉屏幕反应慢了很多。,assigned,open,,0000000,,,2011-12-22,,
0003040,M70P, ,chaihongying,liuyisheng,high,major,always,M70P-1.14.20111209,none,Settings,2011-12-09,none,,,,public,2011-12-09,[CR]设置动态壁纸时，给出一个warning提示，比如“动态壁纸比较消耗内存，设置动态壁纸以后，可能会影响机器性能，请确认是否要设置！”,assigned,open,,0000000,,,2011-12-22,,
0002566,G01 FT,,fanyuxin,chengjingbo,high,major,random,Daily,none,GSM call,2011-11-01,none,,,,public,2011-12-07,[GSM][Field test][BJ]上传2M文件的时候出现一次SIM卡1和SIM卡2相继没信号度的情况。,assigned,open,,0000000,,,2011-12-22,,
0002552,G01 FT,,fanyuxin,laiqingyu,high,major,sometimes,Daily,none,GSM call,2011-11-01,none,,,,public,2011-11-17,[GSM][Field test][TJ]拨号时经常出现失败的情况。,assigned,open,,0000000,,,,,
0002546,G01 FT,,fanyuxin,laiqingyu,high,major,sometimes,Daily,none,GSM call,2011-11-01,none,,,,public,2011-11-07,[GSM][Field test][TJ]通话时drop,assigned,open,,0000000,,,,,
0002474,G01 FT,,augu_wang,laiqingyu,high,major,sometimes,livesd_android_froyo_G01-1.03.20110909,none,GSM call,2011-10-25,none,,,,public,2011-11-07,[GSM][Field test][BJ]拨号后提示“暂时无法接通”,assigned,open,,0000000,,,,,
0002471,G01 FT,,augu_wang,laiqingyu,high,major,sometimes,Daily,none,GSM call,2011-10-25,none,,,,public,2011-10-26,[GSM][Field test][BJ]通话时drop.,assigned,open,,0000000,,,2011-11-03,,
